type,outcome,alpha,weight,offset,rmse_out_mean,rmse_out_std,jan,feb,mar,apr,may,jun,jul,aug,sep,oct,nov,dec
linear,sic,0.002,0,0,45.697935778724656,89.79565090694041,79.89436719702175,81.86558541874896,78.12962583472688,67.48381326340515,55.32944548772611,33.23055179012906,16.664163492217515,14.273611064157768,11.214318146635879,19.829399617501526,30.805174166061075,59.655173866364215
linear,sic_tp1,0.004,0,1,64.73675470052932,124.63640121039184,113.43641439118316,116.52703456198026,112.47238908549585,89.59555330579883,83.45022677639069,46.53627911668159,28.213286336183828,22.019629137377834,13.906662881247701,21.455387952102644,48.463451310630276,80.7647415512792
linear,sic_tp2,0.004,0,2,74.17686963118126,138.6782115019012,119.02972375478231,141.26825288436874,126.64102348037633,101.7371790094627,97.03355950548628,60.862776069708275,33.85983505115487,26.928311331911267,17.443918892253613,25.32573915597386,55.56156143690733,84.43055500178954
linear,sic_tp3,0.002,0,3,80.50638716421004,146.56780042581747,122.62302653847344,151.68728940766076,144.39603418956702,110.70788400449703,102.51219193278197,72.03218663246403,37.90044669922774,30.21774905245147,22.03290925220959,27.950299421184177,57.21481979090913,86.80180904909422
linear,sic_tp4,0.002,0,4,86.4237346852088,154.95621821981229,154.78227721296395,159.4785741712674,116.71980561295642,111.31423777693631,78.67873867196566,40.57182696381268,33.15803258459849,26.235889509550873,30.80951434569612,64.05739948594885,90.1193572160282,131.15916267078086
linear,sic_tp5,0.002,0,5,92.05474127055328,162.62790491480908,158.90632737750428,167.86505269544213,129.1142792645606,115.5945943843003,86.61621393003746,42.74423259892315,35.08233446469604,29.414738121916926,34.579418001663655,70.5599997870162,98.58594501379343,135.59375960678517
